"gene_name","cells_above_default_threshold","max_avg_expression","above_default_threshold"
"Gm28653",0,0.083333,FALSE
"4933415F23Rik",1,0.387454,TRUE
"4931408C20Rik",16,1.921384,TRUE
"Gm597",8,0.707547,TRUE
"Ptp4a1.1",0,0.01992,FALSE
"Gm5698",0,0.004405,FALSE
"4931428L18Rik",24,10.117647,TRUE
"Gm28644",0,0.058824,FALSE
"Pih1d3",0,0.235294,FALSE
"Gm5415",2,0.356009,TRUE
"2010300C02Rik",2,0.266667,TRUE
"Gm8251",27,11.330606,TRUE
"Gm553",0,0.237968,FALSE
"Fam126b",35,1.571429,TRUE
"1700122D07Rik",0,0.133333,FALSE
"Gm20342",0,0.2,FALSE
"Gpr1",0,0.208333,FALSE
"Gm39653",0,0.041667,FALSE
"March4",2,0.268908,TRUE
"1700027A15Rik",59,3.282869,TRUE
"6030407O03Rik",0,0.2,FALSE
"Gm29069",0,0.018868,FALSE
"2310015K22Rik",0,0.00463,FALSE
"Gm29125",0,0.000818,FALSE
"C130026I21Rik",0,0.2,FALSE
"A530032D15Rik",0,0.022576,FALSE
"Iqca",6,0.926984,TRUE
"Olfr1413",0,0.083333,FALSE
"Sept2",4,0.571429,TRUE
"D1Ertd622e",19,0.666667,TRUE
"Dars",20,0.712644,TRUE
"Gm15674",4,0.647059,TRUE
"Gm10188",0,0.030544,FALSE
"Gm38394",0,0.066667,FALSE
"Gm1627",0,0.00275,FALSE
"Chil1",0,0.018868,FALSE
"4933406M09Rik",2,0.347942,TRUE
"Gm4258",0,0.240377,FALSE
"Gm26979",0,0.013889,FALSE
"Gm26930",0,0.001835,FALSE
"A430106G13Rik",0,0.2,FALSE
"Gm4788",0,0.008403,FALSE
"Fam129a",0,0.201258,FALSE
"C230024C17Rik",2,0.285714,TRUE
"Gm29291",0,0.000818,FALSE
"Gm28286",0,0.001757,FALSE
"Gm2000",0,0.2,FALSE
"Eef1aknmt",2,0.333333,TRUE
"Mettl11b",0,0.009524,FALSE
"BC055324",13,0.866667,TRUE
"Gm32569",0,0.076923,FALSE
"Dusp27",0,0.142857,FALSE
"Gm16701.1",0,0.083333,FALSE
"Gm10522",0,0.025368,FALSE
"Olfr231",0,0.005348,FALSE
"Olfr424",0,0.047619,FALSE
"Olfr420",0,0.132353,FALSE
"Olfr419",0,0.008021,FALSE
"Olfr417",0,0.003928,FALSE
"Olfr220",3,0.586207,TRUE
"Gm38100",0,0.022989,FALSE
"1700016C15Rik",5,0.590969,TRUE
"Adss",22,1.579832,TRUE
"9130409I23Rik",0,0.017185,FALSE
"Gm37214",0,0.022989,FALSE
"Marc1",0,0.00369,FALSE
"Marc2",0,0.166667,FALSE
"Gm37662",0,0.062834,FALSE
"Eprs",30,2.133333,TRUE
"Gm36388",0,0.111111,FALSE
"Gm28172",0,0.001571,FALSE
"Fam71a",3,0.786189,TRUE
"Gm37168",0,0.021739,FALSE
"Gm32250",0,0.249668,FALSE
"Gm45902",0,0.166667,FALSE
"AL845275.1",0,0.084871,FALSE
"4930412O13Rik",2,0.685761,TRUE
"9230102O04Rik",0,0.015548,FALSE
"Atp5c1",12,0.538462,TRUE
"Gm20539",0,0.051765,FALSE
"4931423N10Rik",14,5.147799,TRUE
"Il1f8",0,0.008627,FALSE
"Il1f5",0,0.002455,FALSE
"Fam166a",11,0.713904,TRUE
"Tmem250-ps",0,0.066667,FALSE
"1700007K13Rik",1,0.331066,TRUE
"Gm13420",0,0.022989,FALSE
"Wdr34",19,1.042017,TRUE
"1110008P14Rik",0,0.166667,FALSE
"Fam102a",4,0.533333,TRUE
"Fam129b",1,0.266667,TRUE
"Gm34653",0,0.041667,FALSE
"Olfr341",0,0.003137,FALSE
"Olfr357",0,0.007843,FALSE
"Olfr358",0,0.002353,FALSE
"Olfr360",0,0.109626,FALSE
"Olfr361",0,0.120321,FALSE
"Olfr362",0,0.066667,FALSE
"Olfr364-ps1",0,0.105615,FALSE
"Olfr365",0,0.014665,FALSE
"Olfr368",0,0.008403,FALSE
"Gm27197",0,0.004405,FALSE
"Gm13587",0,0.008403,FALSE
"1700019E08Rik",0,0.011494,FALSE
"Gm48908",0,0.024943,FALSE
"Gm13499",0,0.022222,FALSE
"Gm11099",17,6.201681,TRUE
"March7",38,1.133333,TRUE
"Ccdc173",43,1.579832,TRUE
"Gm11084",4,1.008403,TRUE
"Atp5g3",1,0.298893,TRUE
"Gm14426",2,0.310924,TRUE
"Ttc30b",0,0.166667,FALSE
"Ttc30a2",0,0.228782,FALSE
"Ttc30a1",0,0.142857,FALSE
"4930440I19Rik",12,0.987431,TRUE
"Gm13713",0,0.004535,FALSE
"Olfr987",0,0.008403,FALSE
"Olfr988",0,0.006349,FALSE
"Olfr992",0,0.008403,FALSE
"4833423E24Rik",0,0.011494,FALSE
"Olfr1012",0,0.008403,FALSE
"Olfr1013",0,0.005499,FALSE
"Olfr1014",0,0.002357,FALSE
"Olfr1029",0,0,FALSE
"Olfr1030",0,0.001124,FALSE
"Olfr1033",0,0.066667,FALSE
"Olfr1034",0,0.003137,FALSE
"Olfr1036",0,0.004706,FALSE
"Olfr52",0,0.005181,FALSE
"Olfr1090",0,0.015873,FALSE
"Olfr259",0,0.008403,FALSE
"Olfr1115",0,0.001337,FALSE
"Olfr1118",0,0.003142,FALSE
"Olfr1122",0,0.109244,FALSE
"Olfr1124",0,0.241379,FALSE
"Olfr153",0,0.005181,FALSE
"Olfr1129",0,0.004405,FALSE
"Olfr1132",0,0.004706,FALSE
"Olfr1135",0,0.009524,FALSE
"Olfr1152",0,0.060392,FALSE
"Olfr1170",0,0.002268,FALSE
"Gm13757",0,0.004706,FALSE
"Olfr1183",0,0.013333,FALSE
"Olfr1186",0,0.075472,FALSE
"Olfr1188",0,0.009524,FALSE
"Olfr1189",0,0.003145,FALSE
"Olfr1191-ps1",0,0.142857,FALSE
"Olfr1192-ps1",0,0.003666,FALSE
"Olfr1193",0,0.000818,FALSE
"Olfr1195",0,0.041667,FALSE
"Olfr1196",0,0.006684,FALSE
"Olfr1197",0,0.004011,FALSE
"Olfr1198",0,0.016807,FALSE
"Olfr1199",0,0.001337,FALSE
"Olfr1200",0,0.003175,FALSE
"Olfr1217",0,0.003666,FALSE
"Olfr1219",0,0.003928,FALSE
"Olfr1220",0,0.006349,FALSE
"Olfr1221",0,0.008403,FALSE
"Olfr1222",0,0.017415,FALSE
"Olfr1223",0,0.010212,FALSE
"Olfr1224-ps1",0,0.025923,FALSE
"Olfr1225",0,0.003175,FALSE
"Olfr1226",0,0.014118,FALSE
"Olfr1228",0,0.006349,FALSE
"Olfr1229",0,0.004706,FALSE
"Olfr1231",0,0.006349,FALSE
"Olfr1232",0,0.002353,FALSE
"Olfr1233",0,0.004011,FALSE
"Olfr1234",0,0.00549,FALSE
"Olfr1238",0,0.015723,FALSE
"Olfr1250",0,0,FALSE
"Olfr1251",0,0,FALSE
"Olfr1257",0,0.066667,FALSE
"Olfr1258",0,0.083333,FALSE
"Olfr1259",0,0.066667,FALSE
"Olfr1262",0,0.012698,FALSE
"Olfr1263",0,0.000784,FALSE
"Olfr140",0,0.008403,FALSE
"Olfr1269",0,0,FALSE
"Olfr32",0,0.001833,FALSE
"Olfr1270",0,0.02521,FALSE
"Olfr142",0,0.033613,FALSE
"Olfr1271",0,0.016807,FALSE
"Olfr1272",0,0.008403,FALSE
"4933423P22Rik",4,0.382745,TRUE
"1110051M20Rik",51,4.840336,TRUE
"1700029I15Rik",17,1.034014,TRUE
"Gm10801",0,0.022989,FALSE
"Gm10800",0,0.066667,FALSE
"B230118H07Rik",16,0.570111,TRUE
"Gm13881",0,0.015873,FALSE
"Gm11060",0,0.000784,FALSE
"Gm13942",6,0.680672,TRUE
"Gm13941",8,1.89916,TRUE
"Gm15130",10,3.655462,TRUE
"4930430A15Rik",22,13.252101,TRUE
"Olfr1275",0,0.109244,FALSE
"Olfr1276",2,0.285714,TRUE
"Olfr1277",0,0.218487,FALSE
"Olfr1278",4,0.680672,TRUE
"Olfr1279",4,0.957983,TRUE
"Olfr1280",2,0.537815,TRUE
"Olfr1281",0,0.159664,FALSE
"Olfr1282",0,0.016807,FALSE
"Olfr1283",0,0.02521,FALSE
"Olfr1284",0,0.042017,FALSE
"Olfr1286",0,0.151261,FALSE
"Olfr1287",0,0.003175,FALSE
"Olfr1288",0,0.006349,FALSE
"Olfr1289",0,0.009524,FALSE
"Olfr1290",0,0.02521,FALSE
"Olfr1291-ps1",0,0.012698,FALSE
"Olfr1293-ps",0,0.002353,FALSE
"Olfr1294",0,0.003175,FALSE
"Olfr1295",0,0.009358,FALSE
"Olfr1297",0,0.002353,FALSE
"Olfr1298",0,0.001569,FALSE
"Olfr1307",0,0.001337,FALSE
"Olfr1318",0,0.01098,FALSE
"A530058N18Rik",0,0.010082,FALSE
"C130080G10Rik",0,0.011494,FALSE
"Gm13977",0,0.111111,FALSE
"BC052040",30,2.066667,TRUE
"Gm13985",0,0.006349,FALSE
"Casc4",49,2.166667,TRUE
"Gm14085",0,0.01098,FALSE
"Spata5l1",0,0.021739,FALSE
"Gm17555",0,0.002268,FALSE
"Gm14012",0,0.005181,FALSE
"AI847159",0,0.003175,FALSE
"4930402H24Rik",53,4.546218,TRUE
"1700037H04Rik",23,0.97479,TRUE
"Gm14097",0,0.022026,FALSE
"Pak7",0,0.146032,FALSE
"Gm17374",0,0.083333,FALSE
"AI646519",0,0.022915,FALSE
"Gm14139",0,0.066667,FALSE
"Gm14124",2,0.333333,TRUE
"Gm10130",18,0.666667,TRUE
"BC029722",1,0.381342,TRUE
"2900097C17Rik",3,0.302521,TRUE
"Gm14169",0,0.076923,FALSE
"Gm14230",0,0.067227,FALSE
"Soga1",0,0.065217,FALSE
"Svs2",0,0.008403,FALSE
"Tmem189",9,0.800183,TRUE
"Gm14321",0,0.027005,FALSE
"Gm11011",0,0.004405,FALSE
"1700007M16Rik",0,0.010624,FALSE
"1700021F07Rik",22,0.571429,TRUE
"Gm20721",0,0.091954,FALSE
"Atp5e",12,1.332103,TRUE
"Gm14327",0,0.011494,FALSE
"Gm9833",0,0.142857,FALSE
"Gm9733",0,0.001757,FALSE
"Gm30667",3,0.457143,TRUE
"BC002189",0,0.008403,FALSE
"Gyg",0,0.153846,FALSE
"Gm34599",0,0.142857,FALSE
"Gm29135",0,0.042017,FALSE
"Ccdc144b",12,3.512605,TRUE
"Gm11549",0,0.008403,FALSE
"4932438A13Rik",52,3.367311,TRUE
"Spata5",46,4.416667,TRUE
"1700034I23Rik",10,0.401852,TRUE
"Gm40040",0,0.011494,FALSE
"2400006E01Rik",0,0.153846,FALSE
"Gm30074",0,0.012915,FALSE
"Gm37170",0,0.005181,FALSE
"Lhfp",2,0.692308,TRUE
"Gm21958",0,0.117647,FALSE
"Spg20",1,0.285714,TRUE
"Gm42609",1,0.266667,TRUE
"Gm21954",0,0.076923,FALSE
"Gm5538",4,0.680672,TRUE
"Gm8298",0,0.017185,FALSE
"C130079G13Rik",0,0.021739,FALSE
"Gm17402",0,0.066667,FALSE
"4930402C01Rik",0,0.102291,FALSE
"Gm20754",2,1.333639,TRUE
"Gm29133",0,0.003145,FALSE
"Gm17359",38,8.339623,TRUE
"Fam160a1",0,0.016807,FALSE
"Kirrel",0,0.022989,FALSE
"Fcrls",0,0.008403,FALSE
"ETV3L",0,0.003515,FALSE
"Rrnad1",4,0.436975,TRUE
"Fam189b",0,0.2,FALSE
"Gba",0,0.153846,FALSE
"1700094D03Rik",17,0.813421,TRUE
"9130204L05Rik",0,0.015873,FALSE
"Lor",0,0.043478,FALSE
"Gm43735",0,0.008641,FALSE
"Gm9774",0,0.076923,FALSE
"Gm10696",0,0.07563,FALSE
"Gm5286",0,0.003145,FALSE
"Gm4778",0,0.042017,FALSE
"Gm43401",0,0.066667,FALSE
"4930558C23Rik",16,0.839002,TRUE
"Hist2h2ab",0,0.016807,FALSE
"Hist2h2ac",0,0.058824,FALSE
"Hist2h2be",0,0.166667,FALSE
"Hist2h3c2",0,0.083333,FALSE
"Hist2h2aa2",0,0.005076,FALSE
"Hist2h2aa1",0,0.192563,FALSE
"Hist2h3c1",0,0.083333,FALSE
"Hist2h4",0,0.041667,FALSE
"Hist2h2bb",0,0.00463,FALSE
"AC121792.1",0,0.009804,FALSE
"Gm4450",0,0.005181,FALSE
"Gm10681",0,0.125,FALSE
"Gm43121",0,0.004535,FALSE
"Gm42868",0,0.022989,FALSE
"Gm10964",0,0.012569,FALSE
"Atp5f1",14,0.461255,TRUE
"Pifo",27,1.146032,TRUE
"Olfr266",0,0.005181,FALSE
"Sars",4,0.4,TRUE
"5330417C22Rik",18,3.857143,TRUE
"1700013F07Rik",17,0.731092,TRUE
"Fam102b",4,0.333333,TRUE
"Tmem56",9,1.054995,TRUE
"1810037I17Rik",6,0.365079,TRUE
"Gm43653",0,0.008869,FALSE
"6330410L21Rik",0,0.033613,FALSE
"Gm43356",0,0.142857,FALSE
"Gm21962",0,0.008403,FALSE
"H2afz",61,3.258303,TRUE
"9530052C20Rik",0,0.02521,FALSE
"Gm43616",0,0.004011,FALSE
"Wdr63",18,4.176471,TRUE
"Gm37041",4,0.680672,TRUE
"Gm43572",0,0.006416,FALSE
"Gm43619",0,0.111111,FALSE
"B230334C09Rik",2,0.4,TRUE
"Gm11808",0,0.099631,FALSE
"Impad1",2,0.365639,TRUE
"2610301B20Rik",21,2.10084,TRUE
"Fam92a",18,0.831933,TRUE
"Ddx58",0,0.207254,FALSE
"1110017D15Rik",24,1.857143,TRUE
"Dnaic1",18,3.563025,TRUE
"Gm12405",0,0.000818,FALSE
"Gm13306",8,0.578231,TRUE
"Gm13305",0,0.001835,FALSE
"Gm12394",0,0.159664,FALSE
"Fam205a1",0,0.089888,FALSE
"Fam205c",6,0.378685,TRUE
"1700022I11Rik",13,0.94958,TRUE
"Fam214b",3,0.413793,TRUE
"Fam166b",0,0.076923,FALSE
"Olfr70",0,0.2,FALSE
"Olfr71",0,0.005181,FALSE
"Olfr156",0,0.012698,FALSE
"Tmem246",0,0.124717,FALSE
"Olfr275",0,0.0839,FALSE
"Olfr273",0,0.009524,FALSE
"Olfr272",0,0.002455,FALSE
"Olfr270",0,0.000818,FALSE
"4930412L05Rik",0,0.094926,FALSE
"AI427809",0,0.009434,FALSE
"Gm12511",0,0.152157,FALSE
"Gm12506",0,0.030588,FALSE
"Gm26657",0,0.022676,FALSE
"Pakap.1",24,1.641569,TRUE
"Olfr267",0,0.111111,FALSE
"Gm11213",14,1.198148,TRUE
"Gm26566",0,0.076923,FALSE
"Gm12609",0,0.142857,FALSE
"Gm12666",9,0.647059,TRUE
"B020004J07Rik",0,0.003145,FALSE
"Tctex1d1",11,0.536528,TRUE
"Wdr78",13,2.92437,TRUE
"Gm17662",0,0.083333,FALSE
"Lexm",0,0.182401,FALSE
"Hspb11",3,0.4,TRUE
"3110021N24Rik",40,3.8,TRUE
"Nrd1",57,2.630252,TRUE
"6430628N08Rik",0,0.076923,FALSE
"1700042G07Rik",25,1.702952,TRUE
"Tctex1d4",0,0.021739,FALSE
"Olfr62",0,0.010082,FALSE
"Olfr1338",0,0.003175,FALSE
"Olfr1333",0,0.006275,FALSE
"Olfr1331",0,0.076923,FALSE
"Olfr1330",0,0.2,FALSE
"Olfr1328",0,0.066667,FALSE
"Gm12863",0,0.011494,FALSE
"BX470216.1",0,0.017255,FALSE
"Ctps",20,0.692308,TRUE
"Gm8439",0,0.065882,FALSE
"1700021L23Rik",0,0.035242,FALSE
"9930104L06Rik",4,0.403361,TRUE
"Adprhl2",0,0.2,FALSE
"4930471C06Rik",2,0.739496,TRUE
"1700080G11Rik",0,0.12605,FALSE
"Yars",12,1.066667,TRUE
"C77080",2,0.252874,TRUE
"Gm12962",2,1.462185,TRUE
"AL607088.1",0,0.021739,FALSE
"Atpif1",57,1.660517,TRUE
"Gm7534",0,0.125,FALSE
"E130218I03Rik",0,0.083333,FALSE
"Grrp1",0,0.019332,FALSE
"1700037C06Rik",0,0.101476,FALSE
"Pqlc2",2,0.333333,TRUE
"Pramef8",0,0.133333,FALSE
"Gm13103",0,0.016807,FALSE
"C87977",0,0.002268,FALSE
"Pramef12",0,0.153846,FALSE
"Pramef12os",0,0.000818,FALSE
"1700012P22Rik",8,2.10084,TRUE
"9430007A20Rik",0,0.011457,FALSE
"Gm13124",0,0.005181,FALSE
"Gm13178",0,0.001569,FALSE
"Gm13212",0,0.166667,FALSE
"Tprgl",1,0.280443,TRUE
"Gm10563",36,1.166667,TRUE
"Vmn2r-ps159",0,0.047619,FALSE
"1700015F17Rik",14,0.92517,TRUE
"Gm8773",0,0.032081,FALSE
"9330182L06Rik",12,1.533333,TRUE
"Gm5152",0,0.111111,FALSE
"Gm8871",4,0.478992,TRUE
"Gm8857",0,0.142857,FALSE
"Gm43492",0,0.02521,FALSE
"Gm8879",0,0.095238,FALSE
"Gm5861",0,0.133787,FALSE
"Gm8890",0,0.066667,FALSE
"Speer1",0,0.142857,FALSE
"Gm8897",0,0.041667,FALSE
"Gm8906",0,0.136054,FALSE
"Gm6460",0,0.016807,FALSE
"Gm8922",0,0.006289,FALSE
"Gm8926",0,0.006349,FALSE
"4933402N22Rik",0,0.163265,FALSE
"Speer4e",5,0.546485,TRUE
"Gm10354",12,1.14966,TRUE
"4930572O03Rik",0,0.156463,FALSE
"Speer4c",2,0.390023,TRUE
"Gm28710",2,0.409412,TRUE
"Fam126a",21,7.563025,TRUE
"Nupl2",17,0.541667,TRUE
"Gm21671",0,0.021739,FALSE
"Speer4a",0,0.179138,FALSE
"Gm10471",0,0.095238,FALSE
"A230098N10Rik",0,0.084034,FALSE
"1700001C02Rik",4,0.287982,TRUE
"4930548H24Rik",6,0.434263,TRUE
"Gm43660",2,0.416667,TRUE
"Gm1673",8,0.623616,TRUE
"Gm7879",0,0.009804,FALSE
"Gm43303",0,0.003145,FALSE
"0610040J01Rik",0,0.083333,FALSE
"Gm43837",0,0.002217,FALSE
"Gm31363",3,0.346972,TRUE
"C030018K13Rik",0,0.010999,FALSE
"Gm21905",0,0.153846,FALSE
"Gm5108",0,0.158035,FALSE
"Gm7271",0,0.046791,FALSE
"C530008M17Rik",31,2.589804,TRUE
"Thegl",11,0.669285,TRUE
"Gm34728",0,0.013605,FALSE
"BC037156",0,0.030247,FALSE
"Gm7714",0,0.007843,FALSE
"1700063O14Rik",0,0.001845,FALSE
"Sept11",6,0.5,TRUE
"Gm16427",0,0.005312,FALSE
"C87414",0,0.003145,FALSE
"Gm6502",0,0.009259,FALSE
"AA792892",0,0.003145,FALSE
"Gm7682",0,0.011494,FALSE
"Gm3259",0,0.005272,FALSE
"Gm42601",0,0.001637,FALSE
"Gm2861",0,0.002217,FALSE
"4930522N08Rik",0,0.009296,FALSE
"Gm17660",0,0.058433,FALSE
"BC005561",41,3.478992,TRUE
"D930016D06Rik",17,1.05042,TRUE
"Gm26519",0,0.011765,FALSE
"Gm42916",0,0.041667,FALSE
"Gm42902",2,0.319328,TRUE
"Gm26692",10,0.466667,TRUE
"Gm42517",0,0.083333,FALSE
"Atp5k",13,0.658672,TRUE
"Mfsd7a",0,0.006289,FALSE
"5430403G16Rik",0,0.2,FALSE
"A430073D23Rik",0,0.153846,FALSE
"Gm43136",0,0.006349,FALSE
"Gm43137",0,0.015873,FALSE
"Gm6583",0,0.066667,FALSE
"Gm6588",2,0.346939,TRUE
"Gm42864",0,0.013333,FALSE
"1500011B03Rik",5,0.367816,TRUE
"Gm10401",0,0.008403,FALSE
"Gm42903",0,0.019608,FALSE
"2410131K14Rik",0,0.153846,FALSE
"Gm16064",0,0.005076,FALSE
"1700021F13Rik",1,0.48524,TRUE
"4932422M17Rik",0,0.201258,FALSE
"Wdr66",19,4.521008,TRUE
"2810006K23Rik",0,0.2,FALSE
"Sept14",0,0.2,FALSE
"Nupr1l",24,0.872694,TRUE
"Muc3",2,0.722689,TRUE
"Gm3054",0,0.058824,FALSE
"CAAA01077340.1",0,0.027211,FALSE
"Gm42456",0,0.011494,FALSE
"Map11",0,0.166667,FALSE
"Gm5294",0,0.015548,FALSE
"3110082I17Rik",30,1.8,TRUE
"Gm4869",0,0.111111,FALSE
"Olfr718-ps1",0,0.133333,FALSE
"E130309D02Rik",0,0.16092,FALSE
"Gm20635",0,0.2,FALSE
"Gm42504",0,0.003145,FALSE
"Fam220a.1",2,0.266667,TRUE
"Atp5j2",29,0.916974,TRUE
"Gm20685",0,0.009524,FALSE
"Bmt2",16,0.615385,TRUE
"2610001J05Rik",0,0.153846,FALSE
"Fam71f2",8,0.563025,TRUE
"Fam71f1",18,0.853888,TRUE
"Atp6v1fnb",0,0.237716,FALSE
"Gm14532",0,0.122642,FALSE
"Gm13844",0,0.159664,FALSE
"Akr1b3",21,0.448276,TRUE
"1810058I24Rik",1,0.250923,TRUE
"Ttc26",26,1.714286,TRUE
"E330009J07Rik",6,0.4,TRUE
"Olfr461",0,0.013304,FALSE
"Olfr460",0,0.026432,FALSE
"1700074P13Rik",17,1.042017,TRUE
"Olfr459",0,0.003175,FALSE
"Olfr446",0,0.008403,FALSE
"Olfr444",0,0.041667,FALSE
"Olfr441",0,0.041667,FALSE
"Olfr237-ps1",0,0.015873,FALSE
"Olfr437",0,0.006684,FALSE
"Olfr13",0,0.02139,FALSE
"Gm44696",6,1.319328,TRUE
"Mpp6",43,1.732865,TRUE
"4921507P07Rik",8,0.514533,TRUE
"Gm44028",0,0.142857,FALSE
"Gm16499.1",0,0.001852,FALSE
"Gars",4,0.933333,TRUE
"BB365896",0,0.083333,FALSE
"A430010J10Rik",2,0.277311,TRUE
"Tex37",3,0.711819,TRUE
"4931417E11Rik",5,0.344538,TRUE
"Gm9008",0,0.066667,FALSE
"4930553P18Rik",0,0.016807,FALSE
"Gm43936",0,0.022989,FALSE
"1810020O05Rik",2,0.307692,TRUE
"H1fx",8,0.556465,TRUE
"Gm38708",0,0.002455,FALSE
"1700123L14Rik",5,0.833948,TRUE
"Gm765",0,0.024352,FALSE
"Gm43067",0,0.083333,FALSE
"H1foo",0,0.066667,FALSE
"March8",12,1.133333,TRUE
"Olfr212",1,0.254501,TRUE
"Olfr215",0,0.133333,FALSE
"Gm45083",0,0.117046,FALSE
"4922502D21Rik",25,2.512605,TRUE
"Gm44275",0,0.001835,FALSE
"E330021D16Rik",0,0.020458,FALSE
"Hist4h4",0,0.004435,FALSE
"H2afj",2,0.285714,TRUE
"Gm11077",0,0.117647,FALSE
"Gm5724",2,0.262745,TRUE
"Gm6614",0,0.006289,FALSE
"Lrmp",0,0.016807,FALSE
"Casc1",7,0.465409,TRUE
"Arntl2",2,0.87395,TRUE
"Gm10203",0,0.008403,FALSE
"Gm15448",0,0.003175,FALSE
"Gm14548",0,0.005181,FALSE
"Fam71e2",9,1.315508,TRUE
"Epp13",0,0.065217,FALSE
"Gm3854",0,0.114574,FALSE
"Olfr1344",0,0.134454,FALSE
"Olfr1336",0,0.092437,FALSE
"Olfr1346",0,0.07563,FALSE
"Olfr5",0,0.083333,FALSE
"Olfr1347",0,0.011494,FALSE
"Olfr1348",0,0.042017,FALSE
"Olfr1349",0,0.043478,FALSE
"Olfr1350",0,0.034483,FALSE
"Gm29638",0,0.011457,FALSE
"Pnmal2",15,2.660644,TRUE
"Pnmal1",6,0.506289,TRUE
"Gm42372",0,0.076105,FALSE
"Gm5155",0,0.005181,FALSE
"Gm4969",3,0.472081,TRUE
"Gm44698",0,0.001835,FALSE
"Cd3eap",0,0.166667,FALSE
"Gm20512",0,0.090406,FALSE
"Gm16174",0,0.109244,FALSE
"Gm44658",0,0.004583,FALSE
"AC159140.1",0,0.041667,FALSE
"Irgc1",52,1.606906,TRUE
"Gm9844",0,0.10084,FALSE
"Gm4881",0,0.02521,FALSE
"BC024978",0,0.218487,FALSE
"9530053A07Rik",0,0.006289,FALSE
"Gm44702",0,0.022013,FALSE
"Gm29326",0,0.006684,FALSE
"Thap8",0,0.215686,FALSE
"E130208F15Rik",0,0.033613,FALSE
"Gm26935",0,0.066667,FALSE
"Gm10640",0,0.065217,FALSE
"4931406P16Rik",31,2.066667,TRUE
"AC150683.1",17,8.235294,TRUE
"Gm28514",0,0.011494,FALSE
"Gm28078",0,0.02812,FALSE
"Gm29087",10,0.613445,TRUE
"Gm37494",2,0.416667,TRUE
"Gm45839",0,0.041667,FALSE
"4930558N11Rik",0,0.142857,FALSE
"Gm44748",17,3.252101,TRUE
"Gm34811",0,0.027211,FALSE
"Vmn2r126",0,0.154088,FALSE
"4931406B18Rik",4,0.764706,TRUE
"Gm2511",2,0.87395,TRUE
"Fam71e1",42,1.649446,TRUE
"Ccdc155",17,1.991597,TRUE
"AC151602.1",0,0.083333,FALSE
"Ccdc114",12,1.806723,TRUE
"C86187",0,0.067227,FALSE
"Gm9999",50,2.755644,TRUE
"1700015G11Rik",11,0.946494,TRUE
"Gm44643",0,0.008403,FALSE
"A26c2",10,4.512605,TRUE
"Fam189a1",4,0.714286,TRUE
"Tarsl2",0,0.133333,FALSE
"Gm10974",0,0.230769,FALSE
"Gm16157",0,0.068966,FALSE
"Gm39033",0,0.050314,FALSE
"1810026B05Rik",0,0.211454,FALSE
"Gm10160",0,0.005076,FALSE
"Gm2115",0,0.025368,FALSE
"Olfr291",0,0.002353,FALSE
"Olfr290",0,0.002268,FALSE
"Olfr310",0,0.008403,FALSE
"Olfr309",0,0.008403,FALSE
"Olfr308",0,0.032997,FALSE
"Olfr307",0,0.022915,FALSE
"Olfr305",0,0.007333,FALSE
"Olfr303",0,0.018519,FALSE
"Olfr301",0,0.007855,FALSE
"Olfr299",0,0.006684,FALSE
"Gm15416",0,0.001835,FALSE
"Olfr520",0,0.003984,FALSE
"Olfr521",0,0.012302,FALSE
"Gm20476",0,0.099608,FALSE
"Olfr543",2,0.260504,TRUE
"Olfr544",0,0.134454,FALSE
"Olfr545",2,0.831933,TRUE
"Olfr552",0,0.016807,FALSE
"Olfr553",0,0.003137,FALSE
"Olfr554",0,0.014902,FALSE
"Olfr556",0,0.066667,FALSE
"Olfr558",0,0.001571,FALSE
"Olfr568",0,0.002247,FALSE
"Olfr569",0,0.004011,FALSE
"Olfr570",0,0.005076,FALSE
"Olfr592",0,0.002674,FALSE
"Olfr616",0,0.005076,FALSE
"Olfr617",0,0.006349,FALSE
"Olfr618",0,0.00463,FALSE
"Olfr622",0,0.008627,FALSE
"Olfr624",0,0.001835,FALSE
"Olfr66",0,0.002674,FALSE
"Olfr65",0,0.002353,FALSE
"Olfr632",0,0.000784,FALSE
"Olfr633",0,0.00367,FALSE
"Olfr635",0,0.003175,FALSE
"Olfr638",0,0.001569,FALSE
"Olfr639",0,0.006349,FALSE
"Olfr640",0,0.009524,FALSE
"Olfr641",0,0.008627,FALSE
"Olfr642",0,0.011494,FALSE
"Olfr644",0,0.019048,FALSE
"Olfr645",0,0.006349,FALSE
"Olfr646",0,0.012698,FALSE
"Olfr648",0,0.002217,FALSE
"Olfr649",0,0.001569,FALSE
"Olfr652",0,0.03451,FALSE
"Olfr653",0,0.013333,FALSE
"Olfr654",0,0.00549,FALSE
"Olfr655",0,0.016807,FALSE
"Olfr656",0,0.003137,FALSE
"Olfr657",0,0.011765,FALSE
"Olfr658",0,0.004011,FALSE
"Olfr659",0,0.003175,FALSE
"Olfr678",0,0.007843,FALSE
"Olfr679",0,0.012549,FALSE
"Olfr681",0,0.013333,FALSE
"Olfr689",0,0.021739,FALSE
"Olfr690",0,0.041667,FALSE
"Olfr691",0,0.125,FALSE
"Olfr692",0,0.006289,FALSE
"Fam160a2",25,0.666667,TRUE
"Gm4070",0,0.033392,FALSE
"Olfr693",0,0.006349,FALSE
"Olfr694",0,0.022222,FALSE
"Olfr695",0,0.019048,FALSE
"Olfr697",0,0.008627,FALSE
"Olfr698",0,0.015873,FALSE
"Olfr699",0,0.012698,FALSE
"Olfr700",0,0.011494,FALSE
"Olfr701",0,0.222222,FALSE
"Olfr702",0,0.044444,FALSE
"Olfr703",0,0.047619,FALSE
"Olfr706",0,0.002268,FALSE
"Olfr707",0,0.009434,FALSE
"Olfr709-ps1",0,0.001569,FALSE
"Olfr6",0,0.003175,FALSE
"Olfr2",0,0.004405,FALSE
"Olfr715",0,0.02521,FALSE
"Olfr716",0,0.066667,FALSE
"Olfr472",0,0.023529,FALSE
"Olfr473",0,0.01098,FALSE
"Olfr479",0,0.001569,FALSE
"Olfr482",0,0.003145,FALSE
"Olfr506",0,0.004405,FALSE
"Olfr509",0,0.003922,FALSE
"Olfr517",0,0.003984,FALSE
"St5",45,2,TRUE
"Mrvi1",0,0.10084,FALSE
"1700012D14Rik",31,2.439367,TRUE
"Arntl",3,0.285714,TRUE
"Gm19950",0,0.083333,FALSE
"Tmem159",0,0.10643,FALSE
"Gm5737",2,0.275862,TRUE
"Gm15774",0,0.068966,FALSE
"Gm26974",0,0.2,FALSE
"Gm15338",0,0.030588,FALSE
"D430042O09Rik",48,7.05042,TRUE
"Fam57b",2,0.261176,TRUE
"Aldoa.1",0,0.193277,FALSE
"Sept1",0,0.183908,FALSE
"9130019O22Rik",0,0.005728,FALSE
"E430018J23Rik",2,0.26826,TRUE
"Ccdc189",3,0.428571,TRUE
"9130023H24Rik",0,0.111111,FALSE
"BC017158",0,0.083333,FALSE
"5430419D17Rik",0,0.076923,FALSE
"Gm45671",0,0.017978,FALSE
"6430531B16Rik",15,1.042017,TRUE
"Olfr524",0,0.009524,FALSE
"Cd163l1",0,0.084034,FALSE
"5830411N06Rik",0,0.005181,FALSE
"Olfr525",0,0.072013,FALSE
"Olfr60",0,0,FALSE
"Olfr535",0,0.083333,FALSE
"Olfr536",0,0.008403,FALSE
"Olfr538",0,0.066667,FALSE
"Olfr46",0,0.126984,FALSE
"Olfr61",0,0.069804,FALSE
"Olfr53",0,0.009412,FALSE
"Olfr539",0,0.111111,FALSE
"Olfr45",0,0.003922,FALSE
"Olfr541",0,0.000784,FALSE
"Odf3",4,0.466667,TRUE
"Gm17387",0,0.066667,FALSE
"Cars",8,0.333333,TRUE
"Gm44929",0,0.003984,FALSE
"Tex45",1,0.289866,TRUE
"C330021F23Rik",0,0.076923,FALSE
"A630009H07Rik",0,0.001571,FALSE
"Gm44626",3,0.283019,TRUE
"Fam155a",8,1.20549,TRUE
"Gm10217",0,0.006289,FALSE
"3930402G23Rik",0,0.015936,FALSE
"1700016D06Rik",14,0.831746,TRUE
"Gm15353",4,0.521008,TRUE
"AF366264",0,0.213152,FALSE
"4930467E23Rik",5,0.437166,TRUE
"Gm31371",0,0.088235,FALSE
"Gm15319",0,0.199198,FALSE
"Gm21119",0,0.207219,FALSE
"Gm45238",0,0.021739,FALSE
"Gm31045",2,0.466667,TRUE
"Gm31898",0,0.067227,FALSE
"Poteg",15,4.941176,TRUE
"Gm45304",0,0.006289,FALSE
"Gm10131",0,0.066667,FALSE
"Gm45301",0,0.000786,FALSE
"Gm5346",0,0.013333,FALSE
"1700029J07Rik",17,1.444706,TRUE
"Gm45323",0,0.20817,FALSE
"Gm45455",0,0.005348,FALSE
"5033428I22Rik",2,0.512605,TRUE
"Gm34099",0,0.016807,FALSE
"Gm45359",0,0.111111,FALSE
"Gm45356",6,0.949686,TRUE
"March1",8,3.006284,TRUE
"D130040H23Rik",3,0.333333,TRUE
"Gm9495",6,0.659091,TRUE
"Gm7697",6,0.894385,TRUE
"Fam129c",0,0.166667,FALSE
"Olfr372",0,0.002217,FALSE
"Olfr373",0,0.066667,FALSE
"Olfr374",0,0.018068,FALSE
"Gm16091",13,0.798319,TRUE
"Gm10282",0,0.011494,FALSE
"Gm45741",0,0.00982,FALSE
"1700092C02Rik",0,0.010624,FALSE
"Gm9725",5,0.882353,TRUE
"Gm45538",2,0.294118,TRUE
"Ddx39",15,1.016807,TRUE
"2210011C24Rik",0,0.142857,FALSE
"4930432K21Rik",12,0.840336,TRUE
"Gm26887",3,0.666667,TRUE
"Ccdc130",2,0.378151,TRUE
"Asna1",0,0.25,FALSE
"Gm5741",0,0.006349,FALSE
"Olfr371",0,0.166667,FALSE
"Gm5118",0,0.082482,FALSE
"Gm2694",16,1.133333,TRUE
"Gm45639",0,0.011494,FALSE
"Gm35850",0,0.066667,FALSE
"Gm45764",0,0.041667,FALSE
"Gm26843",0,0.102745,FALSE
"Gm30606",0,0.039216,FALSE
"Fam192a",9,0.722689,TRUE
"Tepp",13,0.633466,TRUE
"D230025D16Rik",2,0.333333,TRUE
"4931428F04Rik",9,0.368421,TRUE
"Lrrc29",17,1.596639,TRUE
"Dpep2.1",0,0.025157,FALSE
"Gm17720",0,0.066667,FALSE
"Aars",20,1.605042,TRUE
"Kars",0,0.142857,FALSE
"Fam92b",0,0.044025,FALSE
"2810004N23Rik",28,0.747126,TRUE
"Gm10999",4,0.319328,TRUE
"2610044O15Rik8",2,0.302521,TRUE
"Gm10719",0,0.000818,FALSE
"Gm10718",0,0.083333,FALSE
"Gm17571",0,0.008403,FALSE
"Olfr24",3,0.379608,TRUE
"Olfr832",0,0.009412,FALSE
"Olfr835",0,0.003175,FALSE
"Olfr836",0,0.001833,FALSE
"Olfr837",0,0.001571,FALSE
"Olfr839-ps1",0,0.003175,FALSE
"Olfr843",0,0.003142,FALSE
"Olfr855",0,0.002353,FALSE
"Olfr857",0,0,FALSE
"Olfr860",0,0.130196,FALSE
"Olfr862",0,0.018717,FALSE
"Olfr77",0,0.003175,FALSE
"Olfr867",0,0.001833,FALSE
"Olfr868",0,0.003922,FALSE
"Olfr869",0,0.016807,FALSE
"Olfr872",0,0.010196,FALSE
"Olfr39",0,0.008403,FALSE
"Olfr873",0,0.083333,FALSE
"Olfr18",0,0.041667,FALSE
"Ccdc151",8,0.915966,TRUE
"9530077C05Rik",27,2.033613,TRUE
"Gm17545",15,2.327731,TRUE
"Sept7",44,1.915966,TRUE
"Gm47775",0,0.058824,FALSE
"Srpr",44,3.084034,TRUE
"Gm1113",0,0.005181,FALSE
"Olfr160",0,0.001571,FALSE
"Olfr874",0,0.003273,FALSE
"Olfr875",0,0.002455,FALSE
"Olfr887",0,0.011457,FALSE
"Olfr888",0,0.003273,FALSE
"Olfr889",7,1.25,TRUE
"Olfr890",0,0.006416,FALSE
"Olfr896-ps1",0,0.176471,FALSE
"Olfr25",0,0.226891,FALSE
"Olfr898",0,0.008403,FALSE
"Olfr906",0,0.003984,FALSE
"Olfr912",0,0.00369,FALSE
"Olfr914",0,0.003175,FALSE
"Olfr916",0,0.003175,FALSE
"Olfr920",0,0.021739,FALSE
"Olfr921",0,0.012698,FALSE
"Olfr922",0,0.044444,FALSE
"Olfr923",0,0.075294,FALSE
"Olfr924",0,0.183529,FALSE
"Olfr930",0,0.009524,FALSE
"Olfr937",0,0.015723,FALSE
"Olfr27",0,0.041667,FALSE
"Olfr961",0,0.000786,FALSE
"Olfr965",0,0.008403,FALSE
"Olfr972",0,0.017185,FALSE
"Olfr229",0,0.009524,FALSE
"Olfr974",0,0.041667,FALSE
"Olfr975",0,0.056465,FALSE
"Olfr976",0,0.017415,FALSE
"Olfr978",0,0.058824,FALSE
"Olfr979",0,0.092437,FALSE
"Olfr980",0,0.033613,FALSE
"Olfr981",2,0.277311,TRUE
"Olfr982",0,0.003175,FALSE
"Olfr983",0,0.166667,FALSE
"Olfr986",0,0.008787,FALSE
"Gm48784",0,0.008403,FALSE
"AC160966.1",0,0.034014,FALSE
"Tmem136",0,0.076923,FALSE
"Gm29961",0,0.005312,FALSE
"Gm3898",0,0.000917,FALSE
"Gm30373",0,0.076923,FALSE
"Pdzd3",0,0.003145,FALSE
"H2afx",4,0.588235,TRUE
"Ccdc84",2,0.333333,TRUE
"Atp5l",25,0.583333,TRUE
"BC049352",0,0.021739,FALSE
"Gm48945",0,0.007059,FALSE
"1110032A03Rik",42,2.142857,TRUE
"4833427G06Rik",35,1.840336,TRUE
"Colca2",0,0.033613,FALSE
"1810046K07Rik",0,0.205882,FALSE
"Wdr61",11,1,TRUE
"Odf3l1",3,0.266667,TRUE
"Gramd2",2,0.333333,TRUE
"4933433G08Rik",1,0.428571,TRUE
"I730028E13Rik",0,0.025368,FALSE
"Ccpg1os",6,0.461255,TRUE
"2310009A05Rik",0,0.2,FALSE
"Fam214a",18,3.302521,TRUE
"Ick",4,0.294118,TRUE
"Gm48820",0,0.037647,FALSE
"Ube2cbp",4,0.533333,TRUE
"1700057G04Rik",3,0.432157,TRUE
"Gm28729",3,0.35873,TRUE
"1300017J02Rik",10,1.97479,TRUE
"Acpp",0,0.114943,FALSE
"4921523L03Rik",4,0.705882,TRUE
"Ccdc36",17,1.521008,TRUE
"Qars",2,0.266667,TRUE
"Tdgf1",0,0.011494,FALSE
"Gm10030",2,0.27673,TRUE
"Gm39436",0,0.059748,FALSE
"Gm26962",0,0.042553,FALSE
"Gm48007",0,0.015723,FALSE
"Zfp651",0,0.183908,FALSE
"Gm47113",3,0.266667,TRUE
"Gm35501",0,0.133333,FALSE
"Gm10945",0,0.001337,FALSE
"Gm48721",0,0.016807,FALSE
"Gm40603",0,0.210196,FALSE
"Gm47770",0,0.001337,FALSE
"Gm47771",0,0.111111,FALSE
"Gm33056",0,0.142857,FALSE
"4930444G20Rik",0,0.087649,FALSE
"Gm47843",0,0.043205,FALSE
"Soga3",0,0.066667,FALSE
"Gm49446",1,0.346032,TRUE
"Gm16364.1",2,0.4,TRUE
"9030612E09Rik",0,0.076923,FALSE
"Gm9803",0,0.088561,FALSE
"1700021F05Rik",0,0.184943,FALSE
"Gm34481",0,0.076923,FALSE
"Bves",0,0.172414,FALSE
"Lilr4b",0,0.151261,FALSE
"Gm47613",0,0.154195,FALSE
"Gm36173",0,0.092549,FALSE
"Gm19395",19,0.846296,TRUE
"AW822073",0,0.076923,FALSE
"Gm4981",0,0.021739,FALSE
"Gm17542",0,0.012549,FALSE
"Sept10",22,2.848739,TRUE
"Gm20625",0,0.015686,FALSE
"H2afy2",4,0.333333,TRUE
"Kif1bp",19,0.815126,TRUE
"Gm7075",0,0.002674,FALSE
"C730027H18Rik.1",0,0.016807,FALSE
"AC141477.1",0,0,FALSE
"4930483K19Rik",0,0.134454,FALSE
"Fam207a",2,0.416667,TRUE
"Olfr1358",0,0.051555,FALSE
"Olfr1357",0,0.001757,FALSE
"Ccdc105",1,0.290249,TRUE
"Olfr1355",0,0.008403,FALSE
"Olfr1354",0,0.005181,FALSE
"Olfr8",0,0.008403,FALSE
"Olfr1353",0,0.004706,FALSE
"Olfr1352",0,0.063492,FALSE
"Olfr1351",0,0.209524,FALSE
"Olfr57",0,0.179245,FALSE
"Theg",0,0.154195,FALSE
"Atp5d",5,0.415129,TRUE
"1600002K03Rik",0,0.111111,FALSE
"4930404N11Rik",21,0.606906,TRUE
"Zfp781",0,0.111111,FALSE
"4932415D10Rik",16,1.32754,TRUE
"1190007I07Rik",0,0.132802,FALSE
"D10Wsu102e",42,4.6,TRUE
"Btbd11",0,0.166667,FALSE
"Uhrf1bp1l",42,2.462185,TRUE
"Gm17745",0,0.028571,FALSE
"Gm29684",0,0.066667,FALSE
"Gm47719",0,0.034921,FALSE
"Gm33782",0,0.036096,FALSE
"Gm48505",0,0.021739,FALSE
"Gm20110",0,0.009804,FALSE
"4930430F08Rik",7,0.890756,TRUE
"Gm5136",4,0.462185,TRUE
"Gm10271",0,0.042017,FALSE
"D630029K05Rik",0,0.134454,FALSE
"9530003J23Rik",0,0.02521,FALSE
"Gm47461",0,0.02521,FALSE
"Gm35696",0,0.066667,FALSE
"BC048403",0,0.166667,FALSE
"A130077B15Rik",0,0.016807,FALSE
"Gm47972",0,0.002656,FALSE
"March9",0,0.043478,FALSE
"F420014N23Rik",0,0.105727,FALSE
"Mars",0,0.133333,FALSE
"Atp5b",23,0.733333,TRUE
"AC135859.1",0,0.065217,FALSE
"Mettl7b",0,0.033613,FALSE
"Olfr765",0,0.006349,FALSE
"Olfr767",0,0.008403,FALSE
"Olfr768",0,0.009434,FALSE
"Olfr770",0,0.006289,FALSE
"Olfr771",0,0.003145,FALSE
"Olfr772",0,0.010196,FALSE
"Olfr775",0,0.001569,FALSE
"Olfr777",0,0.006275,FALSE
"Olfr780",0,0.003175,FALSE
"Olfr787",0,0.25,FALSE
"Olfr788",0,0.05615,FALSE
"Olfr789",0,0.004706,FALSE
"Olfr790",0,0.010695,FALSE
"Olfr791",0,0.009358,FALSE
"Olfr796",0,0.012698,FALSE
"Olfr798",0,0.001637,FALSE
"Olfr802",0,0.011457,FALSE
"Olfr806",0,0.010545,FALSE
"Olfr809",0,0.008403,FALSE
"Olfr810",0,0.000786,FALSE
"Olfr814",0,0.021739,FALSE
"Gm11032",0,0.009804,FALSE
"Gm11963",0,0.009804,FALSE
"Ankrd36",52,19.521008,TRUE
"A730071L15Rik",0,0.168067,FALSE
"H2afv",13,0.374214,TRUE
"Spata48",23,0.796825,TRUE
"Wdr92",8,0.739496,TRUE
"4933406G16Rik",0,0.149206,FALSE
"Zrsr1",2,0.260504,TRUE
"0610010F05Rik",23,1.160377,TRUE
"Gm12082",0,0.083333,FALSE
"4931440F15Rik",2,0.260504,TRUE
"4930505A04Rik",14,0.687843,TRUE
"Gm12122",0,0.083333,FALSE
"Rars",20,0.416667,TRUE
"Gm12166",0,0.083333,FALSE
"Fam71b",2,0.810093,TRUE
"BC053393",1,0.266667,TRUE
"Gm4926",0,0.023732,FALSE
"Gm12184",0,0.008869,FALSE
"Olfr56",0,0.047619,FALSE
"Olfr1393",0,0.041667,FALSE
"Olfr1392",0,0.044444,FALSE
"Olfr10",0,0.003175,FALSE
"Olfr1391",0,0.003515,FALSE
"Olfr1390",0,0.011494,FALSE
"Olfr1389",0,0.090305,FALSE
"Olfr1388",0,0.011783,FALSE
"Olfr1386",0,0.003922,FALSE
"Olfr1385",0,0.012579,FALSE
"Olfr1384",0,0.006289,FALSE
"Olfr1383",0,0.041667,FALSE
"Olfr1382",0,0,FALSE
"Olfr1381",0,0.004405,FALSE
"Olfr1380",0,0,FALSE
"Olfr1378",0,0.001845,FALSE
"Gm12569",0,0.230769,FALSE
"BC049762",11,0.535147,TRUE
"0610009B22Rik",5,0.516605,TRUE
"Skp1a",15,0.483395,TRUE
"Sept8",0,0.193277,FALSE
"Gm12223",0,0.019048,FALSE
"Gm12248",32,1.229885,TRUE
"Olfr30",0,0.042017,FALSE
"Olfr332",0,0.004405,FALSE
"Olfr330",0,0.066667,FALSE
"Olfr325",0,0.011494,FALSE
"Olfr324",0,0.003137,FALSE
"Olfr323",0,0.10084,FALSE
"Olfr317",0,0.025397,FALSE
"Olfr316",0,0.021739,FALSE
"Olfr315",0,0.066667,FALSE
"Olfr314",0,0.044444,FALSE
"Fam183b",11,0.84127,TRUE
"Olfr313",0,0.011494,FALSE
"Olfr312",0,0.00463,FALSE
"Olfr311",0,0.007333,FALSE
"Hist3h2ba",0,0.022989,FALSE
"Hist3h2a",0,0.223404,FALSE
"Olfr222",0,0.001328,FALSE
"Myo15",6,0.885426,TRUE
"Gm27194",0,0.041667,FALSE
"Gm10428",0,0.005076,FALSE
"Gm39566",0,0.191235,FALSE
"0610010K14Rik",0,0.2,FALSE
"Gm43951",0,0.083333,FALSE
"Olfr20",0,0.02109,FALSE
"Olfr376",0,0.004405,FALSE
"Olfr385",0,0.002353,FALSE
"Olfr389",0,0.026581,FALSE
"Olfr390",0,0.018717,FALSE
"Olfr391-ps",0,0.02828,FALSE
"Olfr392",0,0.012832,FALSE
"Olfr393",0,0.00707,FALSE
"Olfr23",0,0.022727,FALSE
"Olfr398",0,0.012275,FALSE
"Olfr402",0,0.00549,FALSE
"Olfr403",0,0.001337,FALSE
"Olfr59",0,0.004011,FALSE
"Olfr412",0,0.010638,FALSE
"1700016K19Rik",12,0.630996,TRUE
"Fam57a",0,0.133333,FALSE
"2610507B11Rik",40,1.575472,TRUE
"Gm17268",0,0.001571,FALSE
"AI662270",0,0.021739,FALSE
"1700125H20Rik",14,0.705882,TRUE
"Sept4",9,0.579832,TRUE
"Gm45716",0,0.166667,FALSE
"Gm21885",0,0.166667,FALSE
"Hils1",37,2.083665,TRUE
"Phb",3,0.266667,TRUE
"Gm9796",0,0.001337,FALSE
"Atp5g1",9,0.666667,TRUE
"1700001P01Rik",19,1.248148,TRUE
"Gm11565",0,0.00664,FALSE
"Ttc25",10,1.546218,TRUE
"G6pc",0,0.002268,FALSE
"Gm11634",3,0.266776,TRUE
"BC030867",9,0.571429,TRUE
"1700023F06Rik",10,0.574866,TRUE
"Gm884",48,2.957983,TRUE
"Gm11639",27,4.327059,TRUE
"March10",24,5.521008,TRUE
"C330019F10Rik",0,0.066667,FALSE
"Fam104a",43,1.819188,TRUE
"D11Wsu47e",7,0.305445,TRUE
"Dnaic2",5,1.521008,TRUE
"Slc9a3r1",0,0.111111,FALSE
"Atp5h",31,0.924354,TRUE
"Smim6",9,0.968519,TRUE
"Gm29292",0,0.003175,FALSE
"St6galnac2.1",0,0.133333,FALSE
"Sept9",4,0.416667,TRUE
"2810410L24Rik",0,0.076923,FALSE
"Gm11770",0,0.066667,FALSE
"Hexdc",0,0.166667,FALSE
"Gm46332",0,0.235294,FALSE
"Gm48610",0,0.068966,FALSE
"AC241534.1",0,0.015228,FALSE
"Fam49a",0,0.25,FALSE
"Gm48213",0,0.02583,FALSE
"Gm48584",0,0.076923,FALSE
"Pqlc3",0,0.083333,FALSE
"2410004P03Rik",0,0.015228,FALSE
"Gm48693",0,0.2,FALSE
"Gm9866",2,0.4,TRUE
"5430401H09Rik",2,0.252101,TRUE
"Sypl",25,0.6,TRUE
"Twistnb",0,0.142857,FALSE
"1700047I17Rik2",0,0.008811,FALSE
"Sfta3-ps",0,0.003515,FALSE
"4930404H11Rik",0,0.206349,FALSE
"Gm4756",0,0.25,FALSE
"Gm39473",0,0.019332,FALSE
"Gm10451",0,0.066667,FALSE
"Gm6657",5,0.428571,TRUE
"Fam71d",19,1.204242,TRUE
"Mpp5",47,2.613445,TRUE
"Gm16572",0,0.25,FALSE
"Pcnx",30,2.150943,TRUE
"Elmsan1",0,0.208333,FALSE
"Gm32296",0,0.197875,FALSE
"Gm4027",0,0.021739,FALSE
"Gm21319",0,0.004713,FALSE
"BB287469",0,0.021739,FALSE
"Gm2056",0,0.00664,FALSE
"1700040E09Rik",0,0.035857,FALSE
"Ndufb1-ps",43,1.437269,TRUE
"Tmem251",0,0.176471,FALSE
"Gm10000",0,0.083333,FALSE
"Gm48807",0,0.065078,FALSE
"Gm16086",0,0.031447,FALSE
"Wars",15,0.563025,TRUE
"Gm34667",0,0.015711,FALSE
"Gm35558.1",0,0.009434,FALSE
"Gm40578",0,0.184127,FALSE
"Apopt1",14,0.621514,TRUE
"Atp5mpl",32,1.018592,TRUE
"Adssl1",0,0.063492,FALSE
"Wdr60",43,1.381371,TRUE
"Gm11027",0,0.016807,FALSE
"Gm46401",3,0.490966,TRUE
"Ero1lb",27,3.193277,TRUE
"Tcrg-C4",0,0.111111,FALSE
"Olfr1369-ps1",0,0.133333,FALSE
"Olfr1368",0,0.002268,FALSE
"Gm11273",0,0.076923,FALSE
"Olfr1366",0,0.022989,FALSE
"Olfr1535",0,0.011494,FALSE
"Olfr1364",0,0.013216,FALSE
"Olfr1361",0,0.002268,FALSE
"Hist1h2ai",0,0.066667,FALSE
"Hist1h2bm",0,0.083333,FALSE
"Hist1h4j",0,0.005076,FALSE
"Hist1h4k",0,0.011494,FALSE
"Hist1h2ak",0,0.047619,FALSE
"Hist1h2bn",0,0.015228,FALSE
"Hist1h1b",0,0.166667,FALSE
"Hist1h3i",0,0.009804,FALSE
"Hist1h2an",0,0.022989,FALSE
"Hist1h2bp",20,0.473923,TRUE
"Hist1h2ao",0,0.011494,FALSE
"Hist1h4n",0,0.041667,FALSE
"Hist1h2ap",0,0.133333,FALSE
"Hist1h2br",0,0.009259,FALSE
"Hist1h2ah",0,0.010152,FALSE
"Hist1h2bk",0,0.076923,FALSE
"Hist1h4i",0,0.16092,FALSE
"Hist1h2ag",0,0.011494,FALSE
"Hist1h2bj",0,0.047619,FALSE
"Vmn1r207-ps",0,0.041667,FALSE
"Hist1h4h",0,0.084034,FALSE
"Hist1h2af",0,0.002217,FALSE
"Hist1h2bh",0,0.004405,FALSE
"Hist1h3f",0,0.004535,FALSE
"Hist1h1d",0,0.076923,FALSE
"Hist1h3e",0,0.066667,FALSE
"Hist1h2ae",0,0.166667,FALSE
"Hist1h2bg",0,0.004405,FALSE
"Hist1h2bf",0,0.016807,FALSE
"Hist1h2ad",0,0.005272,FALSE
"Hist1h3d",0,0.001124,FALSE
"Hist1h4d",0,0.133333,FALSE
"Hist1h2be",0,0.130435,FALSE
"Hist1h1e",0,0.066667,FALSE
"Hist1h2ac",0,0.010152,FALSE
"Hist1h2bc",0,0.049815,FALSE
"Hist1h1t",0,0.2,FALSE
"Hist1h4c",0,0.111111,FALSE
"Hist1h1c",0,0.076923,FALSE
"Hist1h3c",0,0.066667,FALSE
"Hist1h2bb",0,0.011494,FALSE
"Hist1h2ab",0,0.133333,FALSE
"Hist1h3b",0,0.000917,FALSE
"Hist1h4b",0,0.003145,FALSE
"Hist1h4a",2,0.250996,TRUE
"Hist1h3a",0,0.083333,FALSE
"Hist1h1a",0,0.230769,FALSE
"Hist1h2ba",0,0.142857,FALSE
"Hist1h2aa",0,0.238579,FALSE
"Gm11361",0,0.133333,FALSE
"Gm29675",0,0.028302,FALSE
"A530084C06Rik",0,0.033613,FALSE
"4933417A18Rik",9,0.59451,TRUE
"Gm40910",2,0.482759,TRUE
"4930529N20Rik",0,0.067729,FALSE
"Gm48694",0,0.003145,FALSE
"Gm29459",0,0.002674,FALSE
"Gm47731",0,0.004405,FALSE
"Gm47751",0,0.008249,FALSE
"Gm40915",0,0.105565,FALSE
"Gm40916",0,0.032081,FALSE
"Gm10790",0,0.010152,FALSE
"A330076C08Rik",2,0.252101,TRUE
"Gm33958",0,0.006803,FALSE
"Gm27007",3,0.352941,TRUE
"Gm34084",0,0.012302,FALSE
"A330033J07Rik",0,0.034591,FALSE
"Gm36346",0,0.002268,FALSE
"Iars",8,0.866667,TRUE
"Gm30302",24,4.193277,TRUE
"Gm906",0,0.203187,FALSE
"Gm8765",0,0.162019,FALSE
"Gm48336",0,0.005181,FALSE
"Gm48622",0,0.009804,FALSE
"H2afy",20,0.416667,TRUE
"4930550C17Rik",0,0.063745,FALSE
"Gm45623",0,0.001757,FALSE
"2210016F16Rik",2,0.298851,TRUE
"Gm46419",11,0.6,TRUE
"1700014D04Rik",2,0.264276,TRUE
"Gm48384",0,0.033613,FALSE
"Gm48397",0,0.041169,FALSE
"6720489N17Rik",0,0.149425,FALSE
"Gm47193",0,0.018717,FALSE
"Olfr466",0,0.009434,FALSE
"Gm48222",0,0.005181,FALSE
"Gm10324",0,0.021739,FALSE
"2410141K09Rik",0,0.083333,FALSE
"Gm10767",0,0.153846,FALSE
"Gm10037",2,0.252101,TRUE
"1700001L19Rik",4,0.786848,TRUE
"Ttc37",20,0.933333,TRUE
"Fam172a",50,2.931034,TRUE
"Gm49375",0,0.021998,FALSE
"C130071C03Rik",0,0.008403,FALSE
"Gm32351",0,0.056604,FALSE
"AC171003.1",4,0.926984,TRUE
"AC163685.1",0,0.219048,FALSE
"Gm20075",0,0.076923,FALSE
"Col4a3bp",37,1.367925,TRUE
"Gm6169",0,0.111111,FALSE
"Gm5086",0,0.008403,FALSE
"5330416C01Rik",0,0.019048,FALSE
"Gm26619",0,0.041667,FALSE
"Gm10260",0,0.005272,FALSE
"1700024P04Rik",25,0.979705,TRUE
"Gm17160",0,0.2,FALSE
"4933425L06Rik",6,0.383648,TRUE
"Gm48684",0,0.010363,FALSE
"Gm31452",0,0.062084,FALSE
"Gm48879",0,0.003175,FALSE
"BC067074",0,0.029412,FALSE
"D13Ertd608e",0,0.033613,FALSE
"Gm21761",0,0.006349,FALSE
"B020031M17Rik",0,0.004405,FALSE
"Gm21188",0,0.045977,FALSE
"Gm21731",0,0.001337,FALSE
"Gm3591",0,0.033613,FALSE
"Gm3460",4,0.806723,TRUE
"Gm10251",4,0.495798,TRUE
"Gm10339",6,0.773109,TRUE
"Oit1",6,0.462185,TRUE
"4930452B06Rik",26,1.756303,TRUE
"Gm3839",0,0.059608,FALSE
"Gm3848",2,0.5,TRUE
"3830406C13Rik",16,0.563025,TRUE
"Gm281",0,0.012698,FALSE
"Olfr720",0,0.076923,FALSE
"Olfr31",0,0.013216,FALSE
"Gm21738",0,0.021739,FALSE
"Dupd1",8,1.12605,TRUE
"Dusp13",11,0.687915,TRUE
"AC163638.2",43,9.188679,TRUE
"4930572O13Rik",0,0.164045,FALSE
"Gm26660",0,0.008403,FALSE
"Tmem254a",0,0.002268,FALSE
"Cphx3",0,0.003145,FALSE
"4933413J09Rik",2,0.308235,TRUE
"CT009536.1",0,0.119157,FALSE
"Smim4",38,2.89916,TRUE
"Gm48914",0,0.068966,FALSE
"Gm2990",0,0.083333,FALSE
"Prrxl1",0,0.005505,FALSE
"Gm49108",0,0.006349,FALSE
"Fam25c",0,0.000784,FALSE
"2610528A11Rik",1,0.295455,TRUE
"Gm49101",0,0.072327,FALSE
"AC160336.1",28,3.310345,TRUE
"Ero1l",2,0.277311,TRUE
"Gm41144",0,0.135114,FALSE
"Gm15601",4,0.563025,TRUE
"Gm49124",0,0.003175,FALSE
"E130120K24Rik",0,0.009524,FALSE
"Gm49302",0,0.002656,FALSE
"Gm49303",0,0.041667,FALSE
"Gm49305",0,0.066667,FALSE
"ccdc198",3,0.27619,TRUE
"Olfr722",0,0.083333,FALSE
"Olfr723",0,0.008403,FALSE
"Olfr724",0,0.012698,FALSE
"Olfr725",0,0.003175,FALSE
"Olfr729",0,0.003175,FALSE
"Olfr731",0,0.237397,FALSE
"Olfr732",0,0.111111,FALSE
"Olfr733",0,0.083922,FALSE
"Olfr734",0,0.098039,FALSE
"Olfr735",0,0.030588,FALSE
"Olfr736",0,0.083333,FALSE
"Olfr738",0,0.01098,FALSE
"Olfr739",0,0.010695,FALSE
"Olfr740",0,0.008021,FALSE
"Olfr741",0,0.016043,FALSE
"Olfr742",0,0.069519,FALSE
"Olfr743",0,0.024064,FALSE
"Olfr748",0,0.009434,FALSE
"Olfr750",0,0.003515,FALSE
"Olfr221",0,0.066667,FALSE
"Olfr1513",2,0.666667,TRUE
"Olfr1512",0,0.05042,FALSE
"Olfr1511",0,0.184874,FALSE
"Olfr1510",0,0.042017,FALSE
"Olfr1509",0,0.174603,FALSE
"Olfr1508",0,0.228235,FALSE
"Olfr1507",0,0.142857,FALSE
"Olfr49",0,0.041667,FALSE
"Gm17606",0,0.2,FALSE
"Gm29776",0,0.066667,FALSE
"Gm31251",0,0.021739,FALSE
"Cenpj",42,1.033613,TRUE
"Gm5463",0,0.066667,FALSE
"1700120O09Rik",0,0.083333,FALSE
"Fam160b2",7,0.676101,TRUE
"Gm21750",0,0.002268,FALSE
"Spert",11,0.735724,TRUE
"Gm48968",0,0.001757,FALSE
"Gm9748",0,0.25,FALSE
"Spertl",7,0.628154,TRUE
"Gm49007",1,0.292781,TRUE
"Rnf219",11,0.416667,TRUE
"Gm4675",0,0.013912,FALSE
"1700044C05Rik",0,0.009524,FALSE
"Gm48997",0,0.004535,FALSE
"Gm5089.1",0,0.166667,FALSE
"4930594M22Rik.1",0,0.25,FALSE
"Gm33906",0,0.2,FALSE
"AW549877",1,0.285714,TRUE
"BC037032",0,0.084034,FALSE
"Fyb",26,1.917647,TRUE
"Tars",2,0.333333,TRUE
"Gm35996",0,0.111111,FALSE
"Gm48957",0,0.006416,FALSE
"March11",15,7.389937,TRUE
"March6",28,1.058824,TRUE
"Gm48960",2,0.416667,TRUE
"Gm41307",0,0.066667,FALSE
"Gm33251",0,0.065098,FALSE
"Gm33301",0,0.081761,FALSE
"Wdyhv1",6,0.461538,TRUE
"Gm36677",0,0.211155,FALSE
"Gm41336",0,0.05042,FALSE
"Gm49019",0,0.016807,FALSE
"Fam49b",44,2.466667,TRUE
"Gm21798",0,0.005181,FALSE
"Gm21961",0,0.133333,FALSE
"Lrrc6",19,1.655462,TRUE
"Gm7125",0,0.2,FALSE
"Pycrl",0,0.103448,FALSE
"Tsta3",2,0.302521,TRUE
"Gm35339",10,3.361345,TRUE
"Cyhr1",11,0.588235,TRUE
"Tex33",23,1.14077,TRUE
"Gm10865",0,0.057471,FALSE
"AC113595.1",0,0.001845,FALSE
"1700029P11Rik",9,0.747899,TRUE
"1500009C09Rik",0,0.05042,FALSE
"Sept3",0,0.148235,FALSE
"Gm29666",0,0.210084,FALSE
"Gm49539",0,0.003515,FALSE
"Gm49464",0,0.226678,FALSE
"Odf3b",0,0.12275,FALSE
"CN725425",12,0.428571,TRUE
"Gm49169",0,0.066667,FALSE
"Gm49173",2,0.4,TRUE
"4833422M21Rik",0,0.083333,FALSE
"Gm41392.1",0,0.004092,FALSE
"Olfr288",0,0.102907,FALSE
"Olfr287",0,0.083333,FALSE
"Olfr286",0,0.016496,FALSE
"H1fnt",26,1.932271,TRUE
"Olfr285",0,0.001833,FALSE
"Olfr282",0,0.004405,FALSE
"Olfr279",8,2.827586,TRUE
"4930415O20Rik",8,0.453782,TRUE
"Gm17349",0,0.083333,FALSE
"Mettl7a1",0,0.047619,FALSE
"Mettl7a3",0,0.005181,FALSE
"Mettl7a2",0,0.031088,FALSE
"1110013H19Rik",0,0.066667,FALSE
"Gm47841",6,0.351852,TRUE
"Grasp",0,0.076923,FALSE
"Gm49425",0,0.009002,FALSE
"Atp5g2",3,0.428571,TRUE
"Olfr161",0,0.040881,FALSE
"Olfr15",0,0.022989,FALSE
"Sept12",11,10.084034,TRUE
"Gm41414",1,0.536007,TRUE
"Gm5767",3,0.504648,TRUE
"1810013L24Rik",12,0.907563,TRUE
"Gm49451",0,0.212483,FALSE
"Gm38619.1",0,0.033613,FALSE
"Gm32817",0,0.133333,FALSE
"3110001I22Rik",0,0.066667,FALSE
"Fopnl",16,0.537815,TRUE
"Efcab1",18,1.153846,TRUE
"Gm21897",0,0.003145,FALSE
"Olfr19",0,0.053417,FALSE
"Vpreb1",0,0.066667,FALSE
"Tmem191c",41,2.164986,TRUE
"B830017H08Rik",0,0.076923,FALSE
"Sept5",0,0.028302,FALSE
"Olfr164",0,0.058824,FALSE
"Olfr165",0,0.016807,FALSE
"Olfr169",0,0.003922,FALSE
"Gm49607",0,0.004405,FALSE
"Gm31814",4,0.596257,TRUE
"Tprg",0,0.002217,FALSE
"Gm26569",0,0.066667,FALSE
"0610012G03Rik",0,0.195572,FALSE
"Tctex1d2",39,2.169742,TRUE
"Ccdc58",40,1.277311,TRUE
"Gm36028",0,0.076923,FALSE
"Maats1",11,0.655462,TRUE
"Gm609",0,0.168067,FALSE
"Gm17783",0,0.012569,FALSE
"Gm4737",0,0.011494,FALSE
"Gm49579",0,0.066667,FALSE
"E330017A01Rik",0,0.006803,FALSE
"Olfr172",0,0.088889,FALSE
"Olfr173",0,0.015873,FALSE
"Olfr175-ps1",0,0.003175,FALSE
"Olfr177",0,0.003175,FALSE
"Olfr180",0,0.142857,FALSE
"Olfr181",0,0.008021,FALSE
"Olfr183",0,0.146032,FALSE
"Olfr186",0,0.044444,FALSE
"Olfr187",0,0.019048,FALSE
"Olfr190",0,0.11746,FALSE
"Olfr191",0,0.019048,FALSE
"Olfr193",0,0.060317,FALSE
"Olfr194",0,0.022222,FALSE
"Olfr195",0,0.034921,FALSE
"Olfr196",0,0.009427,FALSE
"Olfr198",0,0.009524,FALSE
"Olfr199",0,0.142857,FALSE
"Olfr204",0,0,FALSE
"Csnka2ip",5,1.962353,TRUE
"Gm11146",1,0.255348,TRUE
"Gm21833",0,0.022013,FALSE
"Atp5j",27,2.212177,TRUE
"Krtap15",0,0.002674,FALSE
"Gm10228",0,0.003175,FALSE
"1110025L11Rik",0,0.012549,FALSE
"Gm10061",0,0.013333,FALSE
"Gm9789",0,0.142857,FALSE
"4932438H23Rik",2,0.386555,TRUE
"Atp5o",3,0.571956,TRUE
"Gm30695",2,0.260504,TRUE
"Wrb",2,0.333333,TRUE
"Gm1604b",0,0.166667,FALSE
"Fgfr1op",52,2.418502,TRUE
"Qk",47,2.859031,TRUE
"Gm3417",46,2.660517,TRUE
"9030025P20Rik",2,0.378151,TRUE
"Gm3448",33,5.495798,TRUE
"Gm3435",3,0.285714,TRUE
"Tcte3",38,3.166052,TRUE
"AC154200.1",9,0.571429,TRUE
"Vmn2r-ps130",0,0.002353,FALSE
"1520401A03Rik",11,1.072327,TRUE
"Slc9a3r2",0,0.076923,FALSE
"Cramp1l",36,1.550314,TRUE
"Gm38655",0,0.021739,FALSE
"BC003965",2,0.333333,TRUE
"2810468N07Rik",0,0.006803,FALSE
"Fam173a",0,0.2,FALSE
"A930017K11Rik",0,0,FALSE
"Tmem8",5,0.453782,TRUE
"AI413582",0,0.04428,FALSE
"Uhrf1bp1",5,0.862069,TRUE
"Gm4356",0,0.076923,FALSE
"4930539E08Rik",0,0.083333,FALSE
"Gm16196",0,0.206897,FALSE
"Gm17657",0,0.201681,FALSE
"AC166172.1",5,0.605042,TRUE
"Olfr55",0,0.012579,FALSE
"Olfr239",0,0.042017,FALSE
"Olfr1564",0,0.041667,FALSE
"Olfr63",0,0.008403,FALSE
"Gm4125",0,0.00907,FALSE
"March2",8,0.733333,TRUE
"Gm17251",4,0.345912,TRUE
"H2-Ke6",0,0.2,FALSE
"BC051142",56,17.764706,TRUE
"Skiv2l",9,0.559748,TRUE
"Vars",18,1.133333,TRUE
"Gm9573",0,0.027778,FALSE
"Znrd1",11,0.755102,TRUE
"Znrd1as",16,0.709163,TRUE
"Olfr90",0,0.066667,FALSE
"Olfr91",0,0.011494,FALSE
"Olfr92",0,0.029412,FALSE
"Olfr93",0,0.029331,FALSE
"Olfr97",0,0.002353,FALSE
"Olfr99",0,0.083333,FALSE
"Olfr101",0,0.001571,FALSE
"Olfr106-ps",0,0,FALSE
"Olfr107",0,0.001845,FALSE
"Olfr111",0,0.003145,FALSE
"Olfr112",3,0.573529,TRUE
"Olfr113",0,0.003145,FALSE
"Olfr118",0,0.016807,FALSE
"Olfr124",0,0.005348,FALSE
"Olfr125",0,0.004011,FALSE
"Olfr126",0,0.031097,FALSE
"Olfr127",0,0.070856,FALSE
"Olfr128",0,0.092471,FALSE
"Olfr761",0,0.015548,FALSE
"Olfr129",0,0.022989,FALSE
"Olfr131",0,0.021739,FALSE
"Olfr138",0,0.022745,FALSE
"Olfr136",0,0.033613,FALSE
"Gm26917",44,6.781609,TRUE
"Gm42418",61,34.066667,TRUE
"AY036118",61,10.367816,TRUE
"2310039H08Rik",0,0.142857,FALSE
"1700001C19Rik",19,1.081181,TRUE
"A530064D06Rik",0,0.009434,FALSE
"B430306N03Rik",0,0.166667,FALSE
"Gm20219",0,0.117647,FALSE
"1700061G19Rik",7,0.786667,TRUE
"A930002H24Rik",0,0.011494,FALSE
"Gm49932",0,0.213836,FALSE
"Gm31084",0,0.015686,FALSE
"1700116H05Rik",0,0.185923,FALSE
"Gm10184",0,0.04428,FALSE
"Gm10125",21,2.18239,TRUE
"Gm26575",0,0.069182,FALSE
"Armc4",19,2.355556,TRUE
"1010001N08Rik",0,0.07563,FALSE
"AC103362.1",0,0.218039,FALSE
"Gm50304",0,0.008403,FALSE
"Gm35060",0,0.210884,FALSE
"4933408B17Rik",18,2.672269,TRUE
"Gm3550",2,0.252101,TRUE
"Snhg4.1",0,0.133333,FALSE
"1700066B19Rik",16,1.436975,TRUE
"Tmem173",0,0.022222,FALSE
"Hars",2,0.266667,TRUE
"Pcdha11.1",0,0.176471,FALSE
"Gm38097",0,0.216858,FALSE
"C030017B01Rik",0,0.01414,FALSE
"Lars",26,0.848739,TRUE
"AC156546.1",0,0.033613,FALSE
"Ancv1r",0,0.001571,FALSE
"AC163347.1",0,0.033613,FALSE
"Gramd3",2,0.333333,TRUE
"Tex43",40,1.620186,TRUE
"March3",29,2.133333,TRUE
"1700066O22Rik",0,0.10084,FALSE
"Gm4951",0,0.004706,FALSE
"Gm9949",0,0.009524,FALSE
"Nars",35,0.6,TRUE
"AC132307.1",0,0.066667,FALSE
"Gm26910",0,0.082337,FALSE
"Rnf165",0,0.2,FALSE
"8030462N17Rik",24,1.367816,TRUE
"Atp5a1",37,0.555556,TRUE
"Gm16286",0,0.2,FALSE
"Pqlc1",13,0.548311,TRUE
"Gm50290",0,0.016807,FALSE
"AC142100.1",0,0.083333,FALSE
"Zadh2",0,0.083333,FALSE
"Gm5096",0,0.002268,FALSE
"4833408A19Rik",0,0.004405,FALSE
"Gm960",10,1.07563,TRUE
"1700020D05Rik",8,0.828413,TRUE
"CAAA01066123.1",0,0.008403,FALSE
"AC109619.1",0,0.066667,FALSE
"2700081O15Rik",0,0.2,FALSE
"1700092M07Rik",27,2.203187,TRUE
"Ppp1r32",0,0.138322,FALSE
"1700017D01Rik",8,2.02521,TRUE
"1700025F22Rik",14,5.260504,TRUE
"Olfr1417",0,0.010363,FALSE
"Olfr1418",0,0.005076,FALSE
"Olfr1419",0,0.022989,FALSE
"Olfr1420",0,0.16092,FALSE
"Olfr1423",0,0.066667,FALSE
"Olfr1424",0,0.002455,FALSE
"Olfr1425",0,0.003666,FALSE
"Olfr1426",0,0.003928,FALSE
"Olfr1427",0,0.00275,FALSE
"Olfr1428",0,0.015582,FALSE
"Olfr76",0,0.153846,FALSE
"Olfr1555-ps1",0,0.019248,FALSE
"Olfr1431",0,0.008787,FALSE
"Olfr1432",0,0.053459,FALSE
"Olfr262",0,0.008403,FALSE
"Olfr235",0,0.016807,FALSE
"Olfr1441",0,0.003145,FALSE
"Gm5244",0,0.159664,FALSE
"Olfr1444",0,0.142857,FALSE
"Olfr1445",0,0.008403,FALSE
"Olfr1446",2,0.277311,TRUE
"Olfr1447",0,0.083333,FALSE
"Olfr1448",0,0.041667,FALSE
"Olfr1450",0,0.004405,FALSE
"Olfr1458",0,0.003175,FALSE
"Olfr1459",0,0.02521,FALSE
"Olfr1490",0,0.003515,FALSE
"Olfr1491",0,0.007059,FALSE
"Olfr1493-ps1",0,0.007407,FALSE
"Olfr1494",0,0.092437,FALSE
"Olfr1495",2,0.352941,TRUE
"Olfr1496",2,0.411765,TRUE
"Olfr1497",0,0.009524,FALSE
"Olfr1504",0,0.005499,FALSE
"Olfr1505",0,0.009524,FALSE
"AC106834.1",3,0.533333,TRUE
"Gm50134",0,0.037736,FALSE
"1700028P14Rik",21,1.638655,TRUE
"Fam189a2",0,0.175134,FALSE
"Fam122a",0,0.125,FALSE
"Cbwd1",32,1.083333,TRUE
"Gm35438",0,0.013749,FALSE
"Gm35438.1",0,0.25,FALSE
"4430402I18Rik",21,1.8,TRUE
"9930021J03Rik",44,4.058824,TRUE
"2700046G09Rik",10,0.352941,TRUE
"Gm29863",0,0.010212,FALSE
"Gm32081",0,0.083333,FALSE
"March5",6,0.307692,TRUE
"Gm34636",0,0.111111,FALSE
"Gm50217",2,0.336134,TRUE
"Gm17018",11,1.016807,TRUE
"Atp5md",29,0.734317,TRUE
"Gm50442",0,0.142857,FALSE
"Gm10197",0,0.001757,FALSE
"Fam160b1",6,1.008403,TRUE
"1700019N19Rik",20,0.798141,TRUE
"Fam45a",11,1.084034,TRUE
"Gm7102",0,0.057269,FALSE
"AU022751",0,0.066667,FALSE
"Gm14459",0,0.004535,FALSE
"Ssx9",0,0.005618,FALSE
"Gm6592",0,0,FALSE
"Gm5751",0,0.111111,FALSE
"Hypm",8,0.644444,TRUE
"Gm14636",0,0,FALSE
"Gm21876",0,0.016667,FALSE
"Gm4907",0,0.043084,FALSE
"Gm4985",0,0.142857,FALSE
"Gm21637",0,0.001845,FALSE
"CT868697.1",0,0.007968,FALSE
"Gm5926",0,0.008403,FALSE
"FQ976806.1",0,0.020408,FALSE
"CU019598.1",0,0.006803,FALSE
"Gm6268",0,0.11451,FALSE
"C330007P06Rik",4,0.533333,TRUE
"Sept6",2,0.5,TRUE
"Btg1-ps1",0,0.036281,FALSE
"Btg1-ps2",0,0.035857,FALSE
"Cypt15",0,0.2,FALSE
"Cypt14",0,0.142857,FALSE
"Tex13c2",0,0.025397,FALSE
"Gm595",21,0.85761,TRUE
"Olfr1323",0,0.024064,FALSE
"Olfr1324",0,0.013354,FALSE
"1700080O16Rik",1,0.255348,TRUE
"Hprt",4,0.333333,TRUE
"Gm28730",0,0.00369,FALSE
"C430049B03Rik",0,0.02521,FALSE
"Fam122b",0,0.119508,FALSE
"Fam122c",0,0.219982,FALSE
"Gm14597",0,0.012698,FALSE
"4930502E18Rik",0,0.133333,FALSE
"Gm648",0,0.011916,FALSE
"Gm364",4,0.5,TRUE
"4930550L24Rik",0,0.153846,FALSE
"Gm14664",0,0.148118,FALSE
"4933402E13Rik",0,0.133333,FALSE
"3830417A13Rik",0,0.08427,FALSE
"Gm14698",0,0.015723,FALSE
"1110012L19Rik",0,0.021739,FALSE
"Gm1141",0,0.146032,FALSE
"Gm14685",0,0.003175,FALSE
"Gm18336",0,0.022989,FALSE
"Taz",0,0.076923,FALSE
"Gm6880",0,0.066667,FALSE
"Gm5640",0,0.002268,FALSE
"Gm6890",0,0.081633,FALSE
"Gm5936",0,0.011494,FALSE
"4930595M18Rik",0,0.047619,FALSE
"Gm14762",0,0.003137,FALSE
"Pet2",11,0.833333,TRUE
"4932429P05Rik",0,0.050562,FALSE
"4930415L06Rik",0,0.083333,FALSE
"Gm14781",0,0.142857,FALSE
"Fam90a1b.1",0,0.230769,FALSE
"F630028O10Rik",0,0.001569,FALSE
"Gm14809",0,0.004535,FALSE
"Tmem28",0,0.020305,FALSE
"Gm3880",0,0.133333,FALSE
"Gm9112",0,0.149446,FALSE
"1700011M02Rik",0,0.25,FALSE
"1700018G05Rik",0,0.199262,FALSE
"2610002M06Rik",0,0.2,FALSE
"Gm732",0,0.022472,FALSE
"4933403O08Rik",0,0.057255,FALSE
"H2afb1",0,0.009259,FALSE
"H2afb3",0,0.083333,FALSE
"BX088531.1",0,0.055556,FALSE
"BX571804.1",0,0.016667,FALSE
"4932411N23Rik",0,0.047619,FALSE
"Gm15023",0,0.021739,FALSE
"Pramel3",0,0.083333,FALSE
"Gm5128",2,0.307692,TRUE
"Gm7903",0,0.001835,FALSE
"AV320801",0,0.083333,FALSE
"Prame",0,0.083333,FALSE
"H2bfm",0,0.084034,FALSE
"Pih1h3b",0,0.062385,FALSE
"Eif2c5",0,0.130435,FALSE
"Tmem29",21,0.8,TRUE
"Gm10057",0,0.002268,FALSE
"Gm15140",0,0.006275,FALSE
"4930524N10Rik",0,0.041667,FALSE
"Gm15155",2,0.276078,TRUE
"Gm15262",15,0.75,TRUE
"4933400A11Rik",0,0.211111,FALSE
"Gm21887",0,0.133333,FALSE
"Gm29277",0,0.022727,FALSE
"Gm4064",0,0.066667,FALSE
"Gm21693",0,0.021739,FALSE
"Gm21704",0,0.083333,FALSE
"Gm3376",0,0.076923,FALSE
"Gm29423",0,0.083333,FALSE
"Gm21860",0,0.011494,FALSE
"Gm47283",11,0.866667,TRUE
"AC125149.3",0,0.004092,FALSE
"AC133103.1",0,0.004011,FALSE
"AC168977.1",0,0.009524,FALSE
"CAAA01118383.1",7,4.008403,TRUE
"AC132444.5",0,0.001337,FALSE
"AC132444.6",0,0.009434,FALSE
"Vamp7",0,0.022989,FALSE
"Tmlhe",0,0.045977,FALSE
"AC087559.3",0,0.001852,FALSE
"AC087559.2",0,0.008403,FALSE
"AC140325.1",0,0.005618,FALSE
"Vmn2r122",0,0.022745,FALSE
"Gm10931",0,0.033613,FALSE
"CT868723.1",0,0.043084,FALSE
"CAAA01147332.1",0,0.002217,FALSE
"AC149090.1",46,15.31761,TRUE
